{
    "accuracy_score": 0.9856502242152466,
    "precision_score": [
        0.9886831275720165,
        0.965034965034965
    ],
    "recall_score": [
        0.994824016563147,
        0.9261744966442953
    ],
    "f1_score": [
        0.9917440660474716,
        0.9452054794520547
    ],
    "confusion_matrix": [
        [
            961,
            5
        ],
        [
            11,
            138
        ]
    ],
    "random_state_seed": 42,
    "test_size": 0.2,
    "epochs": 100
}
