{
    "accuracy_score": 0.9665551839464883,
    "precision_score": [
        0.9487179487179487,
        0.986013986013986
    ],    "recall_score": [
        0.9866666666666667,
        0.9463087248322147
    ],
    "f1_score": [
        0.9673202614379085,
        0.9657534246575343
    ],
    "confusion_matrix": [
        [
            148,
            2
        ],
        [
            8,
            141
        ]
    ],
    "random_state_seed": 42,
    "test_size": 0.2,
    "epochs": 50
}

